Time,uCharge,uDischarge,Trtu,Tref,Tfre,Trtu_cool,Trtu_heat
2018-06-01 00:00:00+00:00,-9.14764647880653e-09,-9.895422061465603e-09,,,,,
2018-06-01 00:02:19.545923+00:00,-9.608429917209932e-09,-9.951957035252828e-09,,,,,
2018-06-01 00:09:40.454077+00:00,-9.857382999430711e-09,-9.982501871815314e-09,,,,,
2018-06-01 00:15:00+00:00,-8.891838551780037e-09,-9.864036173110873e-09,,,,,
2018-06-01 00:17:19.545923+00:00,-9.77178291947557e-09,-9.971999328788817e-09,,,,,
2018-06-01 00:24:40.454077+00:00,-9.83238246955803e-09,-9.979434478257959e-09,,,,,
2018-06-01 00:30:00+00:00,-9.226885572538875e-09,-9.90514415426965e-09,,,,,
2018-06-01 00:32:19.545923+00:00,-9.771782919714376e-09,-9.971999328785193e-09,,,,,
2018-06-01 00:39:40.454077+00:00,-9.832382469719218e-09,-9.979434478255514e-09,,,,,
2018-06-01 00:45:00+00:00,-9.226885576503742e-09,-9.90514415420987e-09,,,,,
2018-06-01 00:47:19.545923+00:00,-9.771782920042743e-09,-9.971999328780225e-09,,,,,
2018-06-01 00:54:40.454077+00:00,-9.832382469849266e-09,-9.979434478253535e-09,,,,,
2018-06-01 01:00:00+00:00,0.01991704269048712,-1.5191599359980461e-09,,,,,
2018-06-01 01:02:19.545923+00:00,0.01938113990863712,-1.5365372274732232e-09,,,,,
2018-06-01 01:09:40.454077+00:00,0.01764052146203471,-1.5456864459814674e-09,,,,,
2018-06-01 01:15:00+00:00,0.016334026154211864,-1.508872509875088e-09,,,,,
2018-06-01 01:17:19.545923+00:00,0.015744334241318794,-1.5423762280766876e-09,,,,,
2018-06-01 01:24:40.454077+00:00,0.013940079520680411,-1.5446019920986248e-09,,,,,
2018-06-01 01:30:00+00:00,0.012690513187174974,-1.5211643328523404e-09,,,,,
2018-06-01 01:32:19.545923+00:00,0.012877531990364526,-1.542228940453124e-09,,,,,
2018-06-01 01:39:40.454077+00:00,0.012278399726136785,-1.5445384280753866e-09,,,,,
2018-06-01 01:45:00+00:00,0.011889890691030103,-1.5210209148373172e-09,,,,,
2018-06-01 01:47:19.545923+00:00,0.012080201743469177,-1.5421870782322849e-09,,,,,
2018-06-01 01:54:40.454077+00:00,0.0120802014523689,-1.544530762107192e-09,,,,,
2018-06-01 02:00:00+00:00,0.014012629826943726,0.011190935308369229,,,,,
2018-06-01 02:02:19.545923+00:00,0.013749569990572256,0.008010175236986713,,,,,
2018-06-01 02:09:40.454077+00:00,0.01350875523243904,0.00579833974032046,,,,,
2018-06-01 02:15:00+00:00,0.013894754337882696,0.011637488405088933,,,,,
2018-06-01 02:17:19.545923+00:00,0.013774703028294788,0.006626212165172439,,,,,
2018-06-01 02:24:40.454077+00:00,0.013673241776901305,0.00553100350509089,,,,,
2018-06-01 02:30:00+00:00,0.013928969720491935,0.01053902286630435,,,,,
2018-06-01 02:32:19.545923+00:00,0.013824068821706234,0.006324148141903431,,,,,
2018-06-01 02:39:40.454077+00:00,0.01373292453357184,0.0052077024367930555,,,,,
2018-06-01 02:45:00+00:00,0.013932251380485207,0.010494119253529999,,,,,
2018-06-01 02:47:19.545923+00:00,0.013848398124217544,0.006157078217115505,,,,,
2018-06-01 02:54:40.454077+00:00,0.013766002884514395,0.0050195753582876835,,,,,
2018-06-01 03:00:00+00:00,0.015992013100518173,0.014619503566397553,,,,,
2018-06-01 03:02:19.545923+00:00,0.015151276630770311,0.010361920924051011,,,,,
2018-06-01 03:09:40.454077+00:00,0.014558979885787244,0.005829439875760355,,,,,
2018-06-01 03:15:00+00:00,0.016089545582717153,0.011013751143660636,,,,,
2018-06-01 03:17:19.545923+00:00,0.015377744083063935,0.006228796592053455,,,,,
2018-06-01 03:24:40.454077+00:00,0.015027512139859797,0.0046290772280036,,,,,
2018-06-01 03:30:00+00:00,0.01612394085746616,0.010442060994682235,,,,,
2018-06-01 03:32:19.545923+00:00,0.015457159378943021,0.005860093431421093,,,,,
2018-06-01 03:39:40.454077+00:00,0.01505779927800285,0.004335854636839535,,,,,
2018-06-01 03:45:00+00:00,0.01613418918055128,0.010311016396218516,,,,,
2018-06-01 03:47:19.545923+00:00,0.015459382996556161,0.005721455835579002,,,,,
2018-06-01 03:54:40.454077+00:00,0.015092162363706028,0.004187897975618574,,,,,
2018-06-01 04:00:00+00:00,0.025287576711719443,-2.9491664301608106e-09,293.233243520133,278.017507672674,248.558326672741,293.233243520133,293.233243520133
2018-06-01 04:02:19.545923+00:00,0.02390802264921787,-2.9527026942458243e-09,293.149999990237,278.062015952844,248.817112621108,293.149999990237,293.149999990237
2018-06-01 04:09:40.454077+00:00,0.019438818409038296,-2.9546008211448155e-09,293.149999990167,278.144834495191,249.48504546339,293.149999990167,293.149999990167
2018-06-01 04:15:00+00:00,0.01609498415981775,-2.9471699386461655e-09,293.149999990755,278.15000000866,249.827475483543,293.149999990755,293.149999990755
2018-06-01 04:17:19.545923+00:00,0.015859312922566152,-2.953935375010415e-09,293.149999990222,278.150000009509,249.939527228946,293.149999990222,293.149999990222
2018-06-01 04:24:40.454077+00:00,0.013187366715981372,-2.954397149999487e-09,293.14999999016,278.15000000964,250.143879430618,293.14999999016,293.14999999016
2018-06-01 04:30:00+00:00,0.011176823872912078,-2.94971016291753e-09,293.149999990728,278.15000000839,250.150000008904,293.149999990728,293.149999990728
2018-06-01 04:32:19.545923+00:00,0.012080200249711561,-2.9539274525656487e-09,293.149999990214,278.15000000952,250.150000009536,293.149999990214,293.149999990214
2018-06-01 04:39:40.454077+00:00,0.01208020012207781,-2.95439544006663e-09,293.149999990157,278.150000009648,250.150000009659,293.149999990157,293.149999990157
2018-06-01 04:45:00+00:00,0.01208020010521888,-2.9497166221230846e-09,293.149999990723,278.150000008374,250.150000008429,293.149999990723,293.149999990723
2018-06-01 04:47:19.545923+00:00,0.012080200262240213,-2.953927452565678e-09,293.149999990214,278.15000000952,250.150000009536,293.149999990214,293.149999990214
2018-06-01 04:54:40.454077+00:00,0.012080200116806912,-2.9543954400666207e-09,293.149999990158,278.150000009647,250.150000009659,293.149999990158,293.149999990158
2018-06-01 05:00:00+00:00,0.012080200114262064,-2.9497166221230904e-09,293.149999990728,278.150000008374,250.150000008428,293.149999990728,293.149999990728
2018-06-01 05:02:19.545923+00:00,0.012080200262264234,-2.9539274525656777e-09,293.149999990215,278.15000000952,250.150000009536,293.149999990215,293.149999990215
2018-06-01 05:09:40.454077+00:00,0.012080200116809034,-2.9543954400666203e-09,293.149999990158,278.150000009648,250.150000009659,293.149999990158,293.149999990158
2018-06-01 05:15:00+00:00,0.012080200114324468,-2.9497166221230904e-09,293.14999999073,278.150000008375,250.150000008429,293.14999999073,293.14999999073
2018-06-01 05:17:19.545923+00:00,0.012080200262231213,-2.9539274525656772e-09,293.149999990214,278.15000000952,250.150000009536,293.149999990214,293.149999990214
2018-06-01 05:24:40.454077+00:00,0.012080200116824527,-2.9543954400666203e-09,293.149999990157,278.150000009648,250.150000009659,293.149999990157,293.149999990157
2018-06-01 05:30:00+00:00,0.012080200114335327,-2.9497166221230904e-09,293.149999990726,278.150000008375,250.150000008429,293.149999990726,293.149999990726
2018-06-01 05:32:19.545923+00:00,0.012080200262213948,-2.953927452565677e-09,293.149999990214,278.15000000952,250.150000009536,293.149999990214,293.149999990214
2018-06-01 05:39:40.454077+00:00,0.012080200116836826,-2.9543954400666203e-09,293.149999990157,278.150000009648,250.150000009659,293.149999990157,293.149999990157
2018-06-01 05:45:00+00:00,0.012080200114344268,-2.9497166221230904e-09,293.149999990723,278.150000008375,250.150000008429,293.149999990723,293.149999990723
2018-06-01 05:47:19.545923+00:00,0.012080200262200762,-2.953927452565677e-09,293.149999990213,278.15000000952,250.150000009536,293.149999990213,293.149999990213
2018-06-01 05:54:40.454077+00:00,0.012080200116841805,-2.9543954400666203e-09,293.149999990157,278.150000009648,250.150000009659,293.149999990157,293.149999990157
2018-06-01 06:00:00+00:00,0.01208020011433027,-2.9497166221230904e-09,293.149999990721,278.150000008375,250.150000008429,293.149999990721,293.149999990721
2018-06-01 06:02:19.545923+00:00,0.012080200262202724,-2.953927452565677e-09,293.149999990213,278.15000000952,250.150000009536,293.149999990213,293.149999990213
2018-06-01 06:09:40.454077+00:00,0.012080200116841263,-2.95439544006662e-09,293.149999990156,278.150000009648,250.15000000966,293.149999990156,293.149999990156
2018-06-01 06:15:00+00:00,0.012080200114332983,-2.9497166221230904e-09,293.149999990721,278.150000008375,250.150000008429,293.149999990721,293.149999990721
2018-06-01 06:17:19.545923+00:00,0.012080200262202277,-2.9539274525656764e-09,293.149999990213,278.15000000952,250.150000009536,293.149999990213,293.149999990213
2018-06-01 06:24:40.454077+00:00,0.012080200116843756,-2.95439544006662e-09,293.149999990156,278.150000009648,250.15000000966,293.149999990156,293.149999990156
2018-06-01 06:30:00+00:00,0.012080200114351498,-2.9497166221230904e-09,293.149999990718,278.150000008375,250.15000000843,293.149999990718,293.149999990718
2018-06-01 06:32:19.545923+00:00,0.012080200262194137,-2.9539274525656764e-09,293.149999990213,278.15000000952,250.150000009536,293.149999990213,293.149999990213
2018-06-01 06:39:40.454077+00:00,0.012080200116818296,-2.95439544006662e-09,293.149999990156,278.150000009648,250.150000009659,293.149999990156,293.149999990156
2018-06-01 06:45:00+00:00,0.012080200114211974,-2.9497166221230904e-09,293.14999999072,278.150000008374,250.150000008428,293.14999999072,293.14999999072
2018-06-01 06:47:19.545923+00:00,0.012080200262268909,-2.9539274525656772e-09,293.149999990215,278.15000000952,250.150000009536,293.149999990215,293.149999990215
2018-06-01 06:54:40.454077+00:00,0.01208020011679207,-2.95439544006662e-09,293.149999990159,278.150000009647,250.150000009659,293.149999990159,293.149999990159
2018-06-01 07:00:00+00:00,0.012080200114252851,-2.9497166221230904e-09,293.149999990737,278.150000008374,250.150000008428,293.149999990737,293.149999990737
2018-06-01 07:02:19.545923+00:00,0.012080200262282789,-2.953927452565677e-09,293.149999990214,278.15000000952,250.150000009536,293.149999990214,293.149999990214
2018-06-01 07:09:40.454077+00:00,0.012080200116752276,-2.9543954400666195e-09,293.149999990159,278.150000009647,250.150000009659,293.149999990159,293.149999990159
2018-06-01 07:15:00+00:00,0.012080200114117326,-2.9497166221230904e-09,293.14999999074,278.150000008372,250.150000008426,293.14999999074,293.14999999074
2018-06-01 07:17:19.545923+00:00,0.012080200262453227,-2.9539274525656772e-09,293.149999990217,278.150000009519,250.150000009535,293.149999990217,293.149999990217
2018-06-01 07:24:40.454077+00:00,0.012080200116346565,-2.954395440066619e-09,293.149999990162,278.150000009647,250.150000009658,293.149999990162,293.149999990162
2018-06-01 07:30:00+00:00,0.012080200112385787,-2.949716622123093e-09,293.149999990746,278.150000008363,250.150000008384,293.149999990746,293.149999990746
2018-06-01 07:32:19.545923+00:00,0.012092298645739626,-2.9539274780426288e-09,293.149999990223,278.15000000952,250.150000009543,293.149999990223,293.149999990223
2018-06-01 07:39:40.454077+00:00,0.012029875785610471,-2.9543953622370827e-09,293.149999990163,278.150000009643,250.150000009637,293.149999990163,293.149999990163
2018-06-01 07:45:00+00:00,0.011837139561778865,-2.9497148855967495e-09,293.149999990764,278.1495691256,250.142876524823,293.149999990764,293.149999990764
2018-06-01 07:47:19.545923+00:00,0.012229333932248078,-2.9539277665621077e-09,293.149999990223,278.150000009697,250.150000009734,293.149999990223,293.149999990223
2018-06-01 07:54:40.454077+00:00,0.011829735733479613,-2.95439505261606e-09,293.149999990166,278.150000009009,250.139225577548,293.149999990166,293.149999990166
2018-06-01 08:00:00+00:00,0.012171997596384177,-2.9497313138117353e-09,293.149999990741,278.148675063247,250.134951066477,293.149999990741,293.149999990741
2018-06-01 08:02:19.545923+00:00,0.01251823699436658,-2.953932626844538e-09,293.149999990218,278.150000009465,250.150000009162,293.149999990218,293.149999990218
2018-06-01 08:09:40.454077+00:00,0.011896135291458885,-2.954398127705011e-09,293.149999990159,278.150000009658,250.150000009692,293.149999990159,293.149999990159
2018-06-01 08:15:00+00:00,0.01239766497749616,-2.94973317672177e-09,293.149999990746,278.150000008379,250.150000008418,293.149999990746,293.149999990746
2018-06-01 08:17:19.545923+00:00,0.012080200263033556,-2.9539315607323235e-09,293.149999990219,278.150000009528,250.15000000956,293.149999990219,293.149999990219
2018-06-01 08:24:40.454077+00:00,0.01208020011689492,-2.954398456974463e-09,293.149999990162,278.150000009653,250.150000009676,293.149999990162,293.149999990162
2018-06-01 08:30:00+00:00,0.012080200118180347,-2.9497305556813458e-09,293.149999990752,278.150000008401,250.150000008507,293.149999990752,293.149999990752
2018-06-01 08:32:19.545923+00:00,0.012080200259748453,-2.953931560732315e-09,293.149999990223,278.150000009528,250.150000009559,293.149999990223,293.149999990223
2018-06-01 08:39:40.454077+00:00,0.012080200118266661,-2.9543984569744655e-09,293.149999990164,278.150000009653,250.150000009676,293.149999990164,293.149999990164
2018-06-01 08:45:00+00:00,0.0120802001157202,-2.9497305556813454e-09,293.14999999076,278.1500000084,250.150000008506,293.14999999076,293.14999999076
2018-06-01 08:47:19.545923+00:00,0.012080200259802252,-2.953931560732315e-09,293.149999990225,278.150000009528,250.150000009559,293.149999990225,293.149999990225
2018-06-01 08:54:40.454077+00:00,0.012080200118265065,-2.9543984569744655e-09,293.149999990163,278.150000009653,250.150000009676,293.149999990163,293.149999990163
2018-06-01 09:00:00+00:00,0.012080200115828063,-2.9497305556813454e-09,293.14999999075,278.150000008401,250.150000008507,293.14999999075,293.14999999075
2018-06-01 09:02:19.545923+00:00,0.012080200259742331,-2.953931560732314e-09,293.149999990222,278.150000009528,250.150000009559,293.149999990222,293.149999990222
2018-06-01 09:09:40.454077+00:00,0.012080200118268027,-2.954398456974465e-09,293.149999990165,278.150000009653,250.150000009676,293.149999990165,293.149999990165
2018-06-01 09:15:00+00:00,0.012080200115730867,-2.9497305556813454e-09,293.149999990754,278.1500000084,250.150000008506,293.149999990754,293.149999990754
2018-06-01 09:17:19.545923+00:00,0.012080200259789895,-2.953931560732314e-09,293.149999990225,278.150000009528,250.150000009559,293.149999990225,293.149999990225
2018-06-01 09:24:40.454077+00:00,0.01208020011823319,-2.954398456974465e-09,293.149999990165,278.150000009653,250.150000009676,293.149999990165,293.149999990165
2018-06-01 09:30:00+00:00,0.01208020011565406,-2.949730555681345e-09,293.149999990758,278.150000008398,250.150000008505,293.149999990758,293.149999990758
2018-06-01 09:32:19.545923+00:00,0.012080200259007336,-2.953931560732312e-09,293.149999990227,278.150000009527,250.150000009559,293.149999990227,293.149999990227
2018-06-01 09:39:40.454077+00:00,0.012080200121729322,-2.9543984569744717e-09,293.149999990166,278.150000009653,250.150000009676,293.149999990166,293.149999990166
2018-06-01 09:45:00+00:00,0.012080153235056987,-2.9497305552939903e-09,293.150037647964,278.150000008619,250.15000000863,293.150037647964,293.150037647964
2018-06-01 09:47:19.545923+00:00,0.012080200242215573,-2.9539315607322652e-09,293.149999990114,278.150000009459,250.15000000952,293.149999990114,293.149999990114
2018-06-01 09:54:40.454077+00:00,0.011847007405075704,-2.9543980397928417e-09,293.337245971395,278.150000009605,250.15000000964,293.337245971395,293.337245971395
2018-06-01 10:00:00+00:00,0.011813617259776737,-2.9497283529481588e-09,293.364057123283,278.150000008305,250.150000008419,293.364057123283,293.364057123283
2018-06-01 10:02:19.545923+00:00,0.01182228269193898,-2.9539309323963085e-09,293.357099203107,278.15000000949,250.150000009526,293.357099203107,293.357099203107
2018-06-01 10:09:40.454077+00:00,0.011757275253296411,-2.9543978791902354e-09,293.409297890693,278.150000009607,250.150000009642,293.409297890693,293.409297890693
2018-06-01 10:15:00+00:00,0.011618498930769548,-2.949726739682662e-09,293.520730653479,278.15000000835,250.150000008437,293.520730653479,293.520730653479
2018-06-01 10:17:19.545923+00:00,0.011583184571513937,-2.9539303495067126e-09,293.549087019253,278.150000009416,250.15000000949,293.549087019253,293.549087019253
2018-06-01 10:24:40.454077+00:00,0.011221389962661777,-2.9543969192305773e-09,293.839595917008,278.15000000958,250.150000009629,293.839595917008,293.839595917008
2018-06-01 10:30:00+00:00,0.010985928437457833,-2.9497215034930457e-09,294.028663655825,278.150000008114,250.150000008318,294.028663655825,294.028663655825
2018-06-01 10:32:19.545923+00:00,0.0109194602474044,-2.953928729407688e-09,294.082035540711,278.150000009448,250.150000009506,294.082035540711,294.082035540711
2018-06-01 10:39:40.454077+00:00,0.010646480518783865,-2.9543958877771264e-09,294.301229029056,278.150000009588,250.150000009634,294.301229029056,294.301229029056
2018-06-01 10:45:00+00:00,0.010415608930543243,-2.9497167747049226e-09,294.486611211265,278.150000007984,250.150000008258,294.486611211265,294.486611211265
2018-06-01 10:47:19.545923+00:00,0.010316584109705014,-2.953927255245978e-09,294.566124989509,278.150000009458,250.150000009512,294.566124989509,294.566124989509
2018-06-01 10:54:40.454077+00:00,0.010134677771964364,-2.9543949681583773e-09,294.71218957558,278.150000009611,250.150000009646,294.71218957558,294.71218957558
2018-06-01 11:00:00+00:00,0.010039946742969087,-2.9497136558165397e-09,294.788255447104,278.150000008286,250.150000008409,294.788255447104,294.788255447104
2018-06-01 11:02:19.545923+00:00,0.009993468096599671,-2.953926464141457e-09,294.825576362733,278.150000009462,250.150000009514,294.825576362733,294.825576362733
2018-06-01 11:09:40.454077+00:00,0.00982201861584366,-2.9543944057217364e-09,294.963244462683,278.150000009614,250.150000009647,294.963244462683,294.963244462683
2018-06-01 11:15:00+00:00,0.009736463578288519,-2.949711133806074e-09,295.031942304462,278.150000008334,250.150000008436,295.031942304462,295.031942304462
2018-06-01 11:17:19.545923+00:00,0.009725056147284467,-2.9539258064319474e-09,295.04110220955,278.150000009477,250.150000009522,295.04110220955,295.04110220955
2018-06-01 11:24:40.454077+00:00,0.009679517839571949,-2.954394149217628e-09,295.077667836243,278.150000009636,250.150000009659,295.077667836243,295.077667836243
2018-06-01 11:30:00+00:00,0.00974474189123521,-2.9497112026289236e-09,295.025295090808,278.150000008308,250.150000008421,295.025295090808,295.025295090808
2018-06-01 11:32:19.545923+00:00,0.009761767050677135,-2.9539258964163404e-09,295.011624603529,278.150000009516,250.150000009542,295.011624603529,295.011624603529
2018-06-01 11:39:40.454077+00:00,0.009759192843216972,-2.9543942926466653e-09,295.013691365493,278.150000009617,250.150000009649,295.013691365493,295.013691365493
2018-06-01 11:45:00+00:00,0.009612952338567514,-2.949710106793457e-09,295.131117249636,278.150000004534,250.149999996839,295.131117249636,295.131117249636
2018-06-01 11:47:19.545923+00:00,0.0095259293793384,-2.953925318162377e-09,295.201022194634,278.150000009597,250.150000009668,295.201022194634,295.201022194634
2018-06-01 11:54:40.454077+00:00,0.00936471761578092,-2.9543935822644586e-09,295.330327588987,278.150000009436,250.150000009362,295.330327588987,295.330327588987
2018-06-01 12:00:00+00:00,0.0091840731675235,-2.9497105422847606e-09,295.474941951245,278.150000005107,250.149977501222,295.474941951245,295.474941951245
2018-06-01 12:02:19.545923+00:00,0.009075031253122657,-2.953925378239889e-09,295.563499231407,278.150000009401,250.150000009495,295.563499231407,295.563499231407
2018-06-01 12:09:40.454077+00:00,0.00877101176613839,-2.9543933405704475e-09,295.806979391165,278.150000009627,250.150000009661,295.806979391165,295.806979391165
2018-06-01 12:15:00+00:00,0.008822044580844209,-2.94970737214714e-09,295.76651549289,278.150000008732,250.150000008696,295.76651549289,295.76651549289
2018-06-01 12:17:19.545923+00:00,0.00886487963091022,-2.9539248359774134e-09,295.731795257161,278.150000009438,250.150000009512,295.731795257161,295.731795257161
2018-06-01 12:24:40.454077+00:00,0.008548007749756985,-2.9543929172834218e-09,295.986232730997,278.150000009602,250.150000009649,295.986232730997,295.986232730997
2018-06-01 12:30:00+00:00,0.008378491013800242,-2.9497034840538716e-09,296.122348987674,278.150000008273,250.150000008434,296.122348987674,296.122348987674
2018-06-01 12:32:19.545923+00:00,0.008391766130053982,-2.9539236132827165e-09,296.111689653865,278.150000009504,250.150000009545,296.111689653865,296.111689653865
2018-06-01 12:39:40.454077+00:00,0.008399677897588585,-2.954392635645278e-09,296.105336646791,278.150000009639,250.150000009666,296.105336646791,296.105336646791
2018-06-01 12:45:00+00:00,0.008439164009308107,-2.949704016214501e-09,296.07363061734,278.150000008356,250.15000000847,296.07363061734,296.07363061734
2018-06-01 12:47:19.545923+00:00,0.008459969828131606,-2.953923789650005e-09,296.056924355699,278.150000009492,250.150000009532,296.056924355699,296.056924355699
2018-06-01 12:54:40.454077+00:00,0.008392196536212922,-2.95439262143696e-09,296.11134391598,278.150000009555,250.150000009607,296.11134391598,296.11134391598
2018-06-01 13:00:00+00:00,0.004998397299042587,-2.9496736871430417e-09,296.150000009195,278.150000007159,250.150000007714,296.150000009195,296.150000009195
2018-06-01 13:02:19.545923+00:00,0.00462451964662271,-2.953913816574957e-09,296.150000009939,278.150000009314,250.150000009383,296.150000009939,296.150000009939
2018-06-01 13:09:40.454077+00:00,0.00493032978170773,-2.954386013219731e-09,296.150000009955,278.150000009485,250.150000009543,296.150000009955,296.150000009955
2018-06-01 13:15:00+00:00,0.0042156150467050285,-2.949666744243628e-09,296.150000009791,278.150000007609,250.150000007884,296.150000009791,296.150000009791
2018-06-01 13:17:19.545923+00:00,0.004571236856601719,-2.9539136772336694e-09,296.150000009939,278.15000000931,250.150000009382,296.150000009939,296.150000009939
2018-06-01 13:24:40.454077+00:00,0.0049801410125148585,-2.9543861087798375e-09,296.150000009955,278.15000000949,250.150000009545,296.150000009955,296.150000009955
2018-06-01 13:30:00+00:00,0.004980140990865709,-2.9496735254003353e-09,296.150000009791,278.150000007471,250.150000007363,296.150000009791,296.150000009791
2018-06-01 13:32:19.545923+00:00,0.004683198046270994,-2.9539139700011435e-09,296.150000009938,278.150000009324,250.150000009454,296.150000009938,296.150000009938
2018-06-01 13:39:40.454077+00:00,0.003971536752544542,-2.954384171093624e-09,296.150000009955,278.150000009424,250.15000000917,296.150000009955,296.150000009955
2018-06-01 13:45:00+00:00,0.002283448403966731,-2.9496495380733794e-09,296.150000009816,278.147507358924,250.116240519553,296.150000009816,296.150000009816
2018-06-01 13:47:19.545923+00:00,0.0007429416315641222,-2.953903608193698e-09,296.150000009933,278.139467358136,250.100926011479,296.150000009933,296.150000009933
2018-06-01 13:54:40.454077+00:00,-1.678856665899463e-10,-2.9541617554822245e-09,296.150000009957,278.110474640618,249.878247879028,296.150000009957,296.150000009957
2018-06-01 14:00:00+00:00,0.007695050704384467,-2.9497220059236784e-09,296.150000009805,278.120034190676,249.880639612914,296.150000009805,296.150000009805
2018-06-01 14:02:19.545923+00:00,0.006889765883895131,-2.953926212027072e-09,296.150000009937,278.13275384771,249.956342201555,296.150000009937,296.150000009937
2018-06-01 14:09:40.454077+00:00,0.004711390481496531,-2.9543888777531464e-09,296.150000009954,278.150000009142,250.113392427411,296.150000009954,296.150000009954
2018-06-01 14:15:00+00:00,0.0034358225383935713,-2.949670924450867e-09,296.150000009786,278.150000008264,250.149158381872,296.150000009786,296.150000009786
2018-06-01 14:17:19.545923+00:00,0.003116357541570732,-2.953912839120503e-09,296.150000009936,278.150000009352,250.150000009465,296.150000009936,296.150000009936
2018-06-01 14:24:40.454077+00:00,0.0019630702390478374,-2.9543816771007732e-09,296.150000009954,278.150000009534,250.150000009629,296.150000009954,296.150000009954
2018-06-01 14:30:00+00:00,0.0019371769263071574,-2.9496527423885463e-09,296.150000009787,278.150000007923,250.150000008298,296.150000009787,296.150000009787
2018-06-01 14:32:19.545923+00:00,0.001922037236302829,-2.9539085641038047e-09,296.150000009937,278.150000009365,250.150000009493,296.150000009937,296.150000009937
2018-06-01 14:39:40.454077+00:00,0.0019220370441231705,-2.954381568988885e-09,296.150000009954,278.150000009543,250.150000009631,296.150000009954,296.150000009954
2018-06-01 14:45:00+00:00,0.0026865629901283534,-2.949661847899402e-09,296.150000009786,278.150000007028,250.150000008263,296.150000009786,296.150000009786
2018-06-01 14:47:19.545923+00:00,0.0023788200586782166,-2.953910201565084e-09,296.150000009937,278.150000009478,250.1500000095,296.150000009937,296.150000009937
2018-06-01 14:54:40.454077+00:00,0.0017228823608029934,-2.954381044013602e-09,296.150000009954,278.150000008538,250.150000009614,296.150000009954,296.150000009954
2018-06-01 15:00:00+00:00,0.00020554610367767395,-2.949631596356278e-09,296.15000000976,278.134931471969,250.148022096592,296.15000000976,296.15000000976
2018-06-01 15:02:19.545923+00:00,0.0004087928989764082,-2.953903117863922e-09,296.15000000994,278.126644973298,250.150000009689,296.15000000994,296.15000000994
2018-06-01 15:09:40.454077+00:00,0.00021551139490124128,-2.954377056836609e-09,296.150000009951,278.045733020533,250.142695910728,296.150000009951,296.150000009951
2018-06-01 15:15:00+00:00,-1.5525043077930297e-10,-2.9473157689428074e-09,296.150000009794,278.000518243648,250.119506733774,296.150000009794,296.150000009794
2018-06-01 15:17:19.545923+00:00,-1.7224147363997223e-10,-2.9529043844629224e-09,296.150000009934,277.990838650155,250.108838604864,296.150000009934,296.150000009934
2018-06-01 15:24:40.454077+00:00,-1.7552278969041396e-10,-2.9500792026135764e-09,296.150000009959,278.039812008326,250.124292093425,296.150000009959,296.150000009959
2018-06-01 15:30:00+00:00,-1.70634466307675e-10,-2.8813014360247736e-09,296.150000009804,278.115843727836,250.13885227939,296.150000009804,296.150000009804
2018-06-01 15:32:19.545923+00:00,-1.7453803952489065e-10,-2.9503911619224285e-09,296.150000009956,278.150000009865,250.150000009876,296.150000009956,296.150000009956
2018-06-01 15:39:40.454077+00:00,0.00013393752093737303,-2.954376840361041e-09,296.150000009957,278.150000009876,250.150000009818,296.150000009957,296.150000009957
2018-06-01 15:45:00+00:00,0.003045408279752564,-2.949666198375654e-09,296.150000009771,278.1452305859,250.150000001987,296.150000009771,296.150000009771
2018-06-01 15:47:19.545923+00:00,0.0010066697431678872,-2.953905273632365e-09,296.150000009937,278.138421393887,250.11403849049,296.150000009937,296.150000009937
2018-06-01 15:54:40.454077+00:00,0.0030797074634962653,-2.9543846123063813e-09,296.150000009954,278.150000009859,250.150000009906,296.150000009954,296.150000009954
2018-06-01 16:00:00+00:00,0.00014405842730218555,-2.949630371450362e-09,296.150000009792,278.150000009716,250.150000009814,296.150000009792,296.150000009792
2018-06-01 16:02:19.545923+00:00,0.0015664154869488333,-2.95390578369437e-09,296.150000009939,278.150000009319,250.150000009385,296.150000009939,296.150000009939
2018-06-01 16:09:40.454077+00:00,0.0018722258806159128,-2.9543801194572194e-09,296.150000009955,278.15000000948,250.15000000954,296.150000009955,296.150000009955
2018-06-01 16:15:00+00:00,0.00039298492979572954,-2.9496326079148317e-09,296.150000009791,278.150000007407,250.150000007804,296.150000009791,296.150000009791
2018-06-01 16:17:19.545923+00:00,0.0007486068989544255,-2.9539036231787673e-09,296.150000009939,278.15000000933,250.150000009389,296.150000009939,296.150000009939
2018-06-01 16:24:40.454077+00:00,0.001872225813533719,-2.954380119457078e-09,296.150000009955,278.150000009483,250.150000009541,296.150000009955,296.150000009955
2018-06-01 16:30:00+00:00,0.0003929850561831078,-2.94963260789219e-09,296.150000009792,278.150000007521,250.150000007847,296.150000009792,296.150000009792
2018-06-01 16:32:19.545923+00:00,3.736365313924833e-05,-2.9539017397635283e-09,296.150000009939,278.150000009295,250.150000009375,296.150000009939,296.150000009939
2018-06-01 16:39:40.454077+00:00,0.0003431738326393659,-2.9543771525366083e-09,296.150000009955,278.150000009497,250.150000009547,296.150000009955,296.150000009955
2018-06-01 16:45:00+00:00,0.0019220370448530032,-2.9496463087391525e-09,296.150000009793,278.150000007662,250.150000007904,296.150000009793,296.150000009793
2018-06-01 16:47:19.545923+00:00,0.0015664156328897318,-2.953905783694815e-09,296.150000009939,278.150000009307,250.15000000938,296.150000009939,296.150000009939
2018-06-01 16:54:40.454077+00:00,0.001872225823867299,-2.9543801194571015e-09,296.150000009955,278.150000009489,250.150000009544,296.150000009955,296.150000009955
2018-06-01 17:00:00+00:00,0.00192203704409508,-2.9496463087398023e-09,296.150000009793,278.150000007709,250.150000007923,296.150000009793,296.150000009793
2018-06-01 17:02:19.545923+00:00,0.0019220372478271001,-2.9539067215573413e-09,296.150000009939,278.150000009291,250.150000009374,296.150000009939,296.150000009939
2018-06-01 17:09:40.454077+00:00,0.0019220370481536297,-2.9543802158832735e-09,296.150000009955,278.150000009497,250.150000009547,296.150000009955,296.150000009955
2018-06-01 17:15:00+00:00,0.003451089033200871,-2.9496599477824904e-09,296.150000009794,278.150000007784,250.150000007956,296.150000009794,296.150000009794
2018-06-01 17:17:19.545923+00:00,0.003095467612297166,-2.9539098091995567e-09,296.150000009938,278.150000009285,250.150000009371,296.150000009938,296.150000009938
2018-06-01 17:24:40.454077+00:00,0.0026865630437995424,-2.9543816940973442e-09,296.150000009955,278.150000009496,250.150000009547,296.150000009955,296.150000009955
2018-06-01 17:30:00+00:00,0.004215615021497783,-2.9496667442435943e-09,296.150000009793,278.150000007757,250.150000007945,296.150000009793,296.150000009793
2018-06-01 17:32:19.545923+00:00,0.0038599936037453067,-2.953911815145595e-09,296.150000009938,278.150000009291,250.150000009374,296.150000009938,296.150000009938
2018-06-01 17:39:40.454077+00:00,0.003451089054391621,-2.9543831689772546e-09,296.150000009955,278.150000009491,250.150000009545,296.150000009955,296.150000009955
2018-06-01 17:45:00+00:00,0.004215615108517097,-2.9496667442436617e-09,296.150000009792,278.150000008663,250.15000000898,296.150000009792,296.150000009792
2018-06-01 17:47:19.545923+00:00,0.0045712367413672005,-2.95391367723333e-09,296.150000009939,278.150000008858,250.150000008567,296.150000009939,296.150000009939
2018-06-01 17:54:40.454077+00:00,0.004980141111492645,-2.9543861087800372e-09,296.150000009955,278.150000009635,250.15000000971,296.150000009955,296.150000009955
2018-06-01 18:00:00+00:00,0.004215614994356819,-2.9496648798933216e-09,296.150000009792,278.150000008792,250.15000000911,296.150000009792,296.150000009792
2018-06-01 18:02:19.545923+00:00,0.005291525158959448,-2.9539148711921345e-09,296.150000009939,278.150000009324,250.150000009372,296.150000009939,296.150000009939
2018-06-01 18:09:40.454077+00:00,0.007186283665688322,-2.954389644851703e-09,296.150000009955,278.150000009484,250.150000009531,296.150000009955,296.150000009955
2018-06-01 18:15:00+00:00,0.006256858843193168,-2.9496820646781375e-09,296.139486511911,278.150000007671,250.150000007868,296.139486511911,296.139486511911
2018-06-01 18:17:19.545923+00:00,0.007084079956930919,-2.953919308790618e-09,296.150000009964,278.150000009286,250.150000009354,296.150000009964,296.150000009964
2018-06-01 18:24:40.454077+00:00,0.008344054959818136,-2.95439174041212e-09,296.150000009943,278.150000009614,250.150000009637,296.150000009943,296.150000009943
2018-06-01 18:30:00+00:00,0.00844739663971064,-2.9497003976150625e-09,296.067020114183,278.150000008565,250.150000008584,296.067020114183,296.067020114183
2018-06-01 18:32:19.545923+00:00,0.00852554461191819,-2.9539228611742536e-09,296.004269977791,278.150000009516,250.150000009544,296.004269977791,296.004269977791
2018-06-01 18:39:40.454077+00:00,0.008693996689515189,-2.954392372475899e-09,295.869008476261,278.150000009663,250.150000009675,295.869008476261,295.869008476261
2018-06-01 18:45:00+00:00,0.008929733984625942,-2.949704419347233e-09,295.679719281362,278.150000008583,250.150000008582,295.679719281362,295.679719281362
2018-06-01 18:47:19.545923+00:00,0.009053472038795017,-2.953924158648194e-09,295.580361852317,278.150000009537,250.150000009555,295.580361852317,295.580361852317
2018-06-01 18:54:40.454077+00:00,0.009287350895388877,-2.954393442784829e-09,295.392564824159,278.150000009658,250.150000009672,295.392564824159,295.392564824159
2018-06-01 19:00:00+00:00,0.009446058651192534,-2.949708718484675e-09,295.265127774092,278.150000008386,250.150000008465,295.265127774092,295.265127774092
2018-06-01 19:02:19.545923+00:00,0.009528448764021532,-2.953925324358994e-09,295.19897138477,278.15000000954,250.150000009556,295.19897138477,295.19897138477
2018-06-01 19:09:40.454077+00:00,0.00971055925212851,-2.9543942051014138e-09,295.052742614682,278.150000009642,250.150000009663,295.052742614682,295.052742614682
2018-06-01 19:15:00+00:00,0.009729909216092725,-2.949711079314468e-09,295.037205233831,278.150000008269,250.150000008401,295.037205233831,295.037205233831
2018-06-01 19:17:19.545923+00:00,0.009712254096918192,-2.9539257750498805e-09,295.051381832726,278.150000009494,250.150000009531,295.051381832726,295.051381832726
2018-06-01 19:24:40.454077+00:00,0.009731105112832754,-2.954394242087431e-09,295.036244975222,278.150000009639,250.150000009661,295.036244975222,295.036244975222
2018-06-01 19:30:00+00:00,0.00980392245539036,-2.949711694587798e-09,294.977775082424,278.150000008452,250.150000008501,294.977775082424,294.977775082424
2018-06-01 19:32:19.545923+00:00,0.009858362411170359,-2.9539261331433933e-09,294.934061718326,278.150000009506,250.150000009537,294.934061718326,294.934061718326
2018-06-01 19:39:40.454077+00:00,0.009907251049350047,-2.954394559093194e-09,294.894805661431,278.150000009637,250.15000000966,294.894805661431,294.894805661431
2018-06-01 19:45:00+00:00,0.009941299243633288,-2.9497128362681105e-09,294.867466087386,278.150000008327,250.150000008431,294.867466087386,294.867466087386
2018-06-01 19:47:19.545923+00:00,0.010041343180625916,-2.9539265814017424e-09,294.787134267154,278.150000009542,250.150000009556,294.787134267154,294.787134267154
2018-06-01 19:54:40.454077+00:00,0.010305438111835673,-2.9543952751297195e-09,294.575074721857,278.150000009655,250.150000009669,294.575074721857,294.575074721857
2018-06-01 20:00:00+00:00,0.010452749381054817,-2.949717082881785e-09,294.456788693652,278.150000008538,250.15000000855,294.456788693652,294.456788693652
2018-06-01 20:02:19.545923+00:00,0.010493900532025154,-2.953927689078886e-09,294.423745786223,278.15000000948,250.150000009522,294.423745786223,294.423745786223
2018-06-01 20:09:40.454077+00:00,0.010484409376252115,-2.95439559670542e-09,294.431366767728,278.150000009638,250.15000000966,294.431366767728,294.431366767728
2018-06-01 20:15:00+00:00,0.010579161708198724,-2.9497181315642756e-09,294.355283791359,278.150000008424,250.150000008482,294.355283791359,294.355283791359
2018-06-01 20:17:19.545923+00:00,0.010657244205124296,-2.9539280885362807e-09,294.292586269185,278.150000009522,250.150000009545,294.292586269185,294.292586269185
2018-06-01 20:24:40.454077+00:00,0.010783471936430944,-2.9543961337047893e-09,294.191229495556,278.150000009637,250.150000009659,294.191229495556,294.191229495556
2018-06-01 20:30:00+00:00,0.010811753291807571,-2.9497200601189944e-09,294.168520505787,278.150000008358,250.150000008445,294.168520505787,294.168520505787
2018-06-01 20:32:19.545923+00:00,0.010831350999842532,-2.953928514115534e-09,294.152784315699,278.150000009494,250.15000000953,294.152784315699,294.152784315699
2018-06-01 20:39:40.454077+00:00,0.01096609170093396,-2.9543964613993224e-09,294.044591926111,278.150000009657,250.15000000967,294.044591926111,294.044591926111
2018-06-01 20:45:00+00:00,0.011225156314138219,-2.949723484815048e-09,293.836571725717,278.150000009253,250.150000009476,293.836571725717,293.836571725717
2018-06-01 20:47:19.545923+00:00,0.0113674649570336,-2.9539298232791044e-09,293.722301994682,278.150000009014,250.149999970971,293.722301994682,293.722301994682
2018-06-01 20:54:40.454077+00:00,0.011790147419012085,-2.9543979380294874e-09,293.382903358416,278.150000009788,250.150000009838,293.382903358416,293.382903358416
2018-06-01 21:00:00+00:00,0.011979130504974629,-2.949715900163059e-09,293.231154483748,278.150000009383,250.15000000957,293.231154483748,293.231154483748
2018-06-01 21:02:19.545923+00:00,0.01202019086183683,-2.953927326186097e-09,293.198185472419,278.15000000945,250.150000009483,293.198185472419,293.198185472419
2018-06-01 21:09:40.454077+00:00,0.011936061680486195,-2.9543952171230673e-09,293.265738381175,278.150000009633,250.150000009644,293.265738381175,293.265738381175
2018-06-01 21:15:00+00:00,0.012020924414681318,-2.9497161987258263e-09,293.197596363029,278.150000008537,250.150000008519,293.197596363029,293.197596363029
2018-06-01 21:17:19.545923+00:00,0.012080200251845972,-2.9539274525656454e-09,293.149999990238,278.150000009516,250.150000009533,293.149999990238,293.149999990238
2018-06-01 21:24:40.454077+00:00,0.012080200121026948,-2.9543954400666224e-09,293.149999990174,278.150000009645,250.150000009657,293.149999990174,293.149999990174
2018-06-01 21:30:00+00:00,0.01208020010576559,-2.9497166221230867e-09,293.149999990803,278.150000008363,250.150000008418,293.149999990803,293.149999990803
2018-06-01 21:32:19.545923+00:00,0.012080200262862563,-2.9539274525656714e-09,293.149999990234,278.150000009517,250.150000009533,293.149999990234,293.149999990234
2018-06-01 21:39:40.454077+00:00,0.012080200116401792,-2.9543954400666145e-09,293.149999990172,278.150000009645,250.150000009657,293.149999990172,293.149999990172
2018-06-01 21:45:00+00:00,0.012080200113806651,-2.9497166221230912e-09,293.149999990795,278.150000008363,250.150000008418,293.149999990795,293.149999990795
2018-06-01 21:47:19.545923+00:00,0.012080200262831051,-2.9539274525656714e-09,293.149999990234,278.150000009517,250.150000009533,293.149999990234,293.149999990234
2018-06-01 21:54:40.454077+00:00,0.01208020011642201,-2.9543954400666145e-09,293.149999990172,278.150000009645,250.150000009657,293.149999990172,293.149999990172
2018-06-01 22:00:00+00:00,0.012080200113821552,-2.9497166221230912e-09,293.14999999079,278.150000008364,250.150000008419,293.14999999079,293.14999999079
2018-06-01 22:02:19.545923+00:00,0.012080200262807057,-2.9539274525656714e-09,293.149999990233,278.150000009517,250.150000009533,293.149999990233,293.149999990233
2018-06-01 22:09:40.454077+00:00,0.012080200116430122,-2.9543954400666145e-09,293.149999990171,278.150000009645,250.150000009657,293.149999990171,293.149999990171
2018-06-01 22:15:00+00:00,0.012080200113807196,-2.9497166221230912e-09,293.149999990787,278.150000008364,250.150000008419,293.149999990787,293.149999990787
2018-06-01 22:17:19.545923+00:00,0.012080200262806463,-2.953927452565671e-09,293.149999990234,278.150000009517,250.150000009533,293.149999990234,293.149999990234
2018-06-01 22:24:40.454077+00:00,0.012080200116441715,-2.9543954400666145e-09,293.149999990171,278.150000009645,250.150000009657,293.149999990171,293.149999990171
2018-06-01 22:30:00+00:00,0.0120802001138556,-2.9497166221230912e-09,293.149999990789,278.150000008364,250.150000008419,293.149999990789,293.149999990789
2018-06-01 22:32:19.545923+00:00,0.012080200263243546,-2.953927452565672e-09,293.149999990232,278.150000009517,250.150000009533,293.149999990232,293.149999990232
2018-06-01 22:39:40.454077+00:00,0.012080200114520307,-2.9543954400666116e-09,293.14999999017,278.150000009645,250.150000009657,293.14999999017,293.14999999017
2018-06-01 22:45:00+00:00,0.012080200104560616,-2.9497166221230768e-09,293.149999990784,278.150000008209,250.150000008419,293.149999990784,293.149999990784
2018-06-01 22:47:19.545923+00:00,0.012082019134779338,-2.953927456395921e-09,293.149999990231,278.150000009474,250.150000009533,293.149999990231,293.149999990231
2018-06-01 22:54:40.454077+00:00,0.010906172925693802,-2.954393621923039e-09,293.149999990168,278.132579902233,250.150000009655,293.149999990168,293.149999990168
2018-06-01 23:00:00+00:00,0.00880516347238108,-2.9496931387077763e-09,293.149999990763,278.069041236459,250.150000007568,293.149999990763,293.149999990763
2018-06-01 23:02:19.545923+00:00,0.008558364805667839,-2.953920004780057e-09,293.149999990225,278.026297529132,250.150000009623,293.149999990225,293.149999990225
2018-06-01 23:09:40.454077+00:00,0.005517444316236603,-2.954385210767032e-09,293.149999990162,277.832455422689,250.150000008244,293.149999990162,293.149999990162
2018-06-01 23:15:00+00:00,0.0014766532068376382,-2.9496399153031926e-09,293.149999990726,277.636928616254,250.051473341162,293.149999990726,293.149999990726
2018-06-01 23:17:19.545923+00:00,0.00015559743077576697,-2.9539019781302617e-09,293.149999990212,277.530797127507,249.964693151309,293.149999990212,293.149999990212
2018-06-01 23:24:40.454077+00:00,-1.7156077129940532e-10,-2.9539810559722396e-09,293.14999999015,277.222466058198,249.647408489175,293.14999999015,293.14999999015
2018-06-01 23:30:00+00:00,-1.624367614897037e-10,-2.945415972458304e-09,293.149999990674,277.026991289465,249.378278093347,293.149999990674,293.149999990674
2018-06-01 23:32:19.545923+00:00,-1.7358243957759753e-10,-2.9521882288134616e-09,293.149999990197,276.94952360171,249.250725360904,293.149999990197,293.149999990197
2018-06-01 23:39:40.454077+00:00,-1.754788258092078e-10,-2.9505034387833366e-09,293.149999990139,276.73650558807,248.806414063495,293.149999990139,293.149999990139
2018-06-01 23:45:00+00:00,-1.7078686062038648e-10,-2.9167082524626546e-09,293.149999990621,276.612716209195,248.444311295929,293.149999990621,293.149999990621
2018-06-01 23:47:19.545923+00:00,-1.754508219287342e-10,0.0005651135352443061,293.149999990182,276.570057521862,248.277535674821,293.149999990182,293.149999990182
2018-06-01 23:54:40.454077+00:00,-1.7593240253555089e-10,0.005068648868479583,293.149999990128,276.365391518089,247.641366976555,293.149999990128,293.149999990128
2018-06-02 00:00:00+00:00,-1.712301235030386e-10,0.007100837128304519,293.149999990713,276.149999991997,247.14999999003,293.149999990713,293.149999990713
2018-06-02 00:02:19.545923+00:00,0.011787685414388216,-2.9540397866643743e-09,293.149999990113,276.149999990016,247.14999999001,293.149999990113,293.149999990113
2018-06-02 00:09:40.454077+00:00,-1.767618634313704e-10,0.1321374318322214,293.14999999005,276.333493988485,247.561904206693,293.14999999005,293.14999999005
2018-06-02 00:15:00+00:00,-1.7504318700673907e-10,0.1321374318390019,293.149999990237,276.558368808948,248.105613463025,293.149999990237,293.149999990237
2018-06-02 00:17:19.545923+00:00,-1.7658978331664085e-10,0.13213743183291157,293.149999990068,276.647084638036,248.310079479652,293.149999990068,293.149999990068
2018-06-02 00:24:40.454077+00:00,-1.767617545470925e-10,0.13213743183223892,293.149999990047,276.910300042921,248.884368017582,293.149999990047,293.149999990047
2018-06-02 00:30:00+00:00,-1.7504318700674052e-10,0.1321374318391259,293.14999999021,277.084921060819,249.232902499714,293.14999999021,293.14999999021
2018-06-02 00:32:19.545923+00:00,-1.7658978331664096e-10,0.13213743183294788,293.149999990061,277.156945620366,249.367373386959,293.149999990061,293.149999990061
2018-06-02 00:39:40.454077+00:00,-1.767617545470926e-10,0.13213743183227475,293.149999990044,277.367693961046,249.721762133651,293.149999990044,293.149999990044
2018-06-02 00:45:00+00:00,-1.750431870067415e-10,0.13213743183921436,293.149999990193,277.504539785941,249.91196915899,293.149999990193,293.149999990193
2018-06-02 00:47:19.545923+00:00,-1.765897833166411e-10,0.13213743183299578,293.149999990058,277.560128740905,249.977525904068,293.149999990058,293.149999990058
2018-06-02 00:54:40.454077+00:00,-1.767617545470927e-10,0.132137431832322,293.149999990041,277.719165820021,250.114879679943,293.149999990041,293.149999990041
2018-06-02 01:00:00+00:00,-1.7504318700674272e-10,0.13213743183932078,293.149999990183,277.818714266241,250.148264529254,293.149999990183,293.149999990183
2018-06-02 01:02:19.545923+00:00,-1.7658978331664124e-10,0.13213743183305363,293.149999990053,277.858057867238,250.150000009897,293.149999990053,293.149999990053
2018-06-02 01:09:40.454077+00:00,-1.7676175454709277e-10,0.13213743183237353,293.149999990039,277.965918864367,250.150000009933,293.149999990039,293.149999990039
2018-06-02 01:15:00+00:00,-1.7504318700674342e-10,0.13213743183938936,293.149999990181,278.028511993712,250.150000009686,293.149999990181,293.149999990181
2018-06-02 01:17:19.545923+00:00,-1.765897833166414e-10,0.1321374318331098,293.149999990052,278.051745930651,250.150000009908,293.149999990052,293.149999990052
2018-06-02 01:24:40.454077+00:00,-1.7676175454709287e-10,0.1321374318324323,293.149999990038,278.108796052487,250.150000009933,293.149999990038,293.149999990038
2018-06-02 01:30:00+00:00,-1.7504318700674427e-10,0.1321374318394707,293.14999999017,278.134628383758,250.15000000969,293.14999999017,293.14999999017
2018-06-02 01:32:19.545923+00:00,-1.7658978331664158e-10,0.1321374318331787,293.149999990051,278.141632561889,250.150000009908,293.149999990051,293.149999990051
2018-06-02 01:39:40.454077+00:00,-1.7676175454709303e-10,0.13213743183250368,293.149999990037,278.150000009824,250.150000009933,293.149999990037,293.149999990037
2018-06-02 01:45:00+00:00,-1.7504318700674512e-10,0.13213743183955384,293.14999999017,278.150000009532,250.15000000969,293.14999999017,293.14999999017
2018-06-02 01:47:19.545923+00:00,-1.7658978331664178e-10,0.1321374318332572,293.149999990051,278.150000009839,250.150000009908,293.149999990051,293.149999990051
2018-06-02 01:54:40.454077+00:00,-1.7676175454709318e-10,0.1321374318325854,293.149999990037,278.150000009882,250.150000009933,293.149999990037,293.149999990037
2018-06-02 02:00:00+00:00,-1.7504318700674595e-10,0.13213743183963897,293.149999990169,278.150000009457,250.15000000969,293.149999990169,293.149999990169
2018-06-02 02:02:19.545923+00:00,-1.7658978331664202e-10,0.13213743183335022,293.14999999005,278.15000000984,250.150000009908,293.14999999005,293.14999999005
2018-06-02 02:09:40.454077+00:00,-1.7676175454709336e-10,0.13213743183268567,293.149999990037,278.150000009882,250.150000009933,293.149999990037,293.149999990037
2018-06-02 02:15:00+00:00,-1.7504318700674696e-10,0.13213743183974352,293.149999990171,278.150000009457,250.15000000969,293.149999990171,293.149999990171
2018-06-02 02:17:19.545923+00:00,-1.765897833166423e-10,0.13213743183346383,293.14999999005,278.15000000984,250.150000009909,293.14999999005,293.14999999005
2018-06-02 02:24:40.454077+00:00,-1.767617545470936e-10,0.13213743183280854,293.149999990037,278.150000009882,250.150000009933,293.149999990037,293.149999990037
2018-06-02 02:30:00+00:00,-1.750431870067482e-10,0.13213743183987212,293.149999990169,278.150000009457,250.15000000969,293.149999990169,293.149999990169
2018-06-02 02:32:19.545923+00:00,-1.7658978331664266e-10,0.1321374318336047,293.149999990049,278.15000000984,250.150000009909,293.149999990049,293.149999990049
2018-06-02 02:39:40.454077+00:00,-1.7676175454709388e-10,0.1321374318329615,293.149999990036,278.150000009882,250.150000009933,293.149999990036,293.149999990036
2018-06-02 02:45:00+00:00,-1.7504318700674978e-10,0.1321374318400327,293.149999990167,278.150000009457,250.15000000969,293.149999990167,293.149999990167
2018-06-02 02:47:19.545923+00:00,-1.7658978331664313e-10,0.1321374318337823,293.149999990049,278.15000000984,250.150000009909,293.149999990049,293.149999990049
2018-06-02 02:54:40.454077+00:00,-1.7676175454709427e-10,0.1321374318331563,293.149999990036,278.150000009882,250.150000009933,293.149999990036,293.149999990036
2018-06-02 03:00:00+00:00,-1.7504318700675177e-10,0.13213743184023857,293.149999990168,278.150000009457,250.15000000969,293.149999990168,293.149999990168
2018-06-02 03:02:19.545923+00:00,-1.765897833166437e-10,0.13213743183401322,293.149999990049,278.15000000984,250.150000009909,293.149999990049,293.149999990049
2018-06-02 03:09:40.454077+00:00,-1.7676175454709473e-10,0.1321374318334137,293.149999990036,278.150000009882,250.150000009933,293.149999990036,293.149999990036
2018-06-02 03:15:00+00:00,-1.7504318700675448e-10,0.13213743184051385,293.149999990167,278.150000009458,250.150000009691,293.149999990167,293.149999990167
2018-06-02 03:17:19.545923+00:00,-1.7658978331664452e-10,0.1321374318343299,293.149999990049,278.15000000984,250.150000009909,293.149999990049,293.149999990049
2018-06-02 03:24:40.454077+00:00,-1.767617545470954e-10,0.13213743183377663,293.149999990036,278.150000009883,250.150000009933,293.149999990036,293.149999990036
2018-06-02 03:30:00+00:00,-1.750431870067583e-10,0.13213743184091095,293.149999990166,278.150000009458,250.150000009691,293.149999990166,293.149999990166
2018-06-02 03:32:19.545923+00:00,-1.7658978331664574e-10,0.13213743183480936,293.149999990048,278.15000000984,250.150000009909,293.149999990048,293.149999990048
2018-06-02 03:39:40.454077+00:00,-1.7676175454709652e-10,0.1321374318343612,293.149999990036,278.150000009882,250.150000009933,293.149999990036,293.149999990036
2018-06-02 03:45:00+00:00,-1.7504318700676487e-10,0.13213743184158372,293.149999990166,278.150000009458,250.15000000969,293.149999990166,293.149999990166
2018-06-02 03:47:19.545923+00:00,-1.7658978331664807e-10,0.1321374318357235,293.149999990049,278.15000000984,250.150000009909,293.149999990049,293.149999990049
2018-06-02 03:54:40.454077+00:00,-1.7676175454709926e-10,0.132137431835815,293.149999990036,278.150000009883,250.150000009933,293.149999990036,293.149999990036
2018-06-02 04:00:00+00:00,-1.7504318700678553e-10,0.1321374318437039,293.149999990099,278.150000009996,250.150000009997,293.149999990099,293.149999990099
